City_ID,City,Country,Lat,Lng,Max Temp,Humidity,Cloudiness,Wind Speed,Current Description
0,Rafai,CF,4.95,23.9167,69.21,87,98,1.25,overcast clouds
1,Thompson,CA,55.7435,-97.8558,60.96,77,75,0.0,broken clouds
2,Tual,ID,-5.6667,132.75,80.98,82,99,12.8,overcast clouds
3,Avarua,CK,-21.2078,-159.775,77.05,65,16,3.44,few clouds
4,Calama,CL,-22.4667,-68.9333,34.29,12,1,16.11,clear sky
5,Vaini,TO,-21.2,-175.2,69.96,78,75,10.36,broken clouds
6,Mataura,NZ,-46.1927,168.8643,52.48,85,83,1.77,broken clouds
7,Ilulissat,GL,69.2167,-51.1,46.33,78,100,7.78,overcast clouds
8,Esperance,AU,-33.8667,121.9,58.84,49,4,18.95,clear sky
9,Isangel,VU,-19.55,169.2667,78.91,53,40,11.5,scattered clouds
10,Aklavik,CA,68.2191,-135.0107,59.83,73,99,11.61,overcast clouds
11,Longyearbyen,SJ,78.2186,15.6401,42.64,93,75,10.36,broken clouds
12,Fukue,JP,32.6881,128.8419,89.96,66,20,6.91,few clouds
13,Bluff,NZ,-46.6,168.3333,52.81,72,36,3.06,scattered clouds
14,Blackwater,AU,-23.5833,148.8833,77.05,37,0,8.81,clear sky
15,Jamestown,US,42.097,-79.2353,67.71,88,75,2.62,broken clouds
16,Amahai,ID,-3.3333,128.9167,82.63,78,84,5.46,broken clouds
17,Teya,RU,60.3778,92.6267,62.2,60,100,7.16,overcast clouds
18,Fortuna,US,40.5982,-124.1573,68.18,93,40,0.0,scattered clouds
19,Khatanga,RU,71.9667,102.5,87.49,35,9,18.14,clear sky
20,Lebu,CL,-37.6167,-73.65,44.2,82,0,17.94,clear sky
21,Zhangjiakou,CN,40.81,114.8794,81.21,57,100,9.15,overcast clouds
22,Kavieng,PG,-2.5744,150.7967,84.07,73,14,6.91,light rain
23,Chuy,UY,-33.6971,-53.4616,43.77,78,60,15.05,broken clouds
24,Ginir,ET,7.1333,40.7,56.62,78,90,9.33,overcast clouds
25,Namibe,AO,-15.1961,12.1522,64.11,82,0,5.77,clear sky
26,Crestview,US,30.7621,-86.5705,81.25,83,65,5.57,broken clouds
27,Atuona,PF,-9.8,-139.0333,77.95,70,4,18.03,clear sky
28,Yellowknife,CA,62.456,-114.3525,59.56,51,40,0.0,scattered clouds
29,Pisco,PE,-13.7,-76.2167,62.02,82,3,3.44,clear sky
30,Mumford,GH,5.2618,-0.759,74.61,87,100,10.04,overcast clouds
31,Baykit,RU,61.67,96.37,71.83,71,100,6.62,overcast clouds
32,Tamandare,BR,-8.7597,-35.1047,73.31,89,2,7.05,clear sky
33,Saint-Georges,GD,12.0564,-61.7485,80.28,78,20,10.36,few clouds
34,Ushuaia,AR,-54.8,-68.3,38.86,93,75,3.44,broken clouds
35,Redondela,ES,42.2834,-8.6096,63.59,81,0,5.75,clear sky
36,Castro,BR,-24.7911,-50.0119,44.19,91,99,7.29,overcast clouds
37,Nikolskoye,RU,59.7035,30.7861,67.8,66,100,4.79,overcast clouds
38,Torbay,CA,47.6666,-52.7314,65.68,96,100,10.87,overcast clouds
39,Dourbali,TD,11.8091,15.8632,72.45,95,100,6.38,light rain
40,Siderno,IT,38.2779,16.302,82.35,51,0,6.02,clear sky
41,Shalinskoye,RU,55.7228,93.7594,61.18,67,100,6.26,overcast clouds
42,Dogondoutchi,NE,13.6393,4.0287,77.59,79,92,9.37,overcast clouds
43,Hobart,AU,-42.8794,147.3294,57.25,56,75,3.0,light rain
44,Barcelos,PT,41.5388,-8.6151,62.85,90,1,4.61,clear sky
45,Hilo,US,19.7297,-155.09,78.53,83,90,8.05,light rain
46,Burnie,AU,-41.0667,145.9167,50.68,81,98,20.71,light rain
47,Khandyga,RU,62.6667,135.6,71.1,36,40,14.09,scattered clouds
48,Togur,RU,58.3631,82.8265,64.74,56,91,7.56,overcast clouds
49,Tuktoyaktuk,CA,69.4541,-133.0374,51.8,71,75,9.22,light rain
50,Nigde,TR,37.8333,34.75,56.25,76,1,9.57,clear sky
51,Dhidhdhoo,MV,6.8833,73.1,82.2,77,56,14.52,light rain
52,Ambilobe,MG,-13.2,49.05,66.16,78,1,3.15,clear sky
53,Kodiak,US,57.79,-152.4072,57.15,80,97,1.32,overcast clouds
54,Brae,GB,60.3964,-1.353,55.31,95,81,7.49,broken clouds
55,Kapuskasing,CA,49.4169,-82.4331,55.49,88,75,1.14,broken clouds
56,Bredasdorp,ZA,-34.5322,20.0403,52.92,66,100,8.05,overcast clouds
57,Paamiut,GL,61.994,-49.6678,44.28,82,77,11.14,broken clouds
58,Albany,US,42.6001,-73.9662,67.08,93,89,3.15,overcast clouds
59,Brownsville,US,25.9018,-97.4975,82.51,85,15,3.0,few clouds
60,Kapaa,US,22.0752,-159.319,84.18,71,96,4.0,light rain
61,Port-Gentil,GA,-0.7193,8.7815,75.31,80,45,9.06,scattered clouds
62,Srednekolymsk,RU,67.45,153.6833,38.26,97,100,8.59,light rain
63,Kaitangata,NZ,-46.2817,169.8464,52.93,60,62,1.07,broken clouds
64,Sabancuy,MX,18.9667,-91.1833,82.51,79,91,11.56,overcast clouds
65,Butaritari,KI,3.0707,172.7902,81.61,72,100,4.5,overcast clouds
66,Qaanaaq,GL,77.484,-69.3632,42.3,91,98,5.37,overcast clouds
67,Beloha,MG,-25.1667,45.05,62.17,78,1,11.45,clear sky
68,Akyab,MM,20.15,92.9,80.13,90,100,14.52,heavy intensity rain
69,Vao,NC,-22.6667,167.4833,68.67,61,26,15.23,scattered clouds
70,Maloyaroslavets,RU,55.0146,36.4719,62.69,88,94,3.78,light rain
71,Kabanjahe,ID,3.1001,98.4908,74.16,57,74,2.35,broken clouds
72,Rikitea,PF,-23.1203,-134.9692,74.52,79,100,14.63,overcast clouds
73,Faanui,PF,-16.4833,-151.75,77.45,76,71,7.92,light rain
74,Saldanha,ZA,-33.0117,17.9442,51.85,64,100,6.15,overcast clouds
75,Komsomolskiy,UZ,40.4272,71.7189,86.72,28,3,2.3,clear sky
76,Sainte-Rose,GP,16.3324,-61.6979,77.04,88,20,4.61,few clouds
77,Cidreira,BR,-30.1811,-50.2056,45.81,61,4,17.56,clear sky
78,Berlevag,NO,70.8578,29.0864,47.19,85,96,6.58,overcast clouds
79,Ancud,CL,-41.8697,-73.8203,42.33,87,71,3.85,broken clouds
80,Karratha,AU,-20.7377,116.8463,78.28,48,17,8.46,few clouds
81,Harper,LR,4.375,-7.7169,76.23,75,100,8.46,overcast clouds
82,Talnakh,RU,69.4865,88.3972,59.67,88,97,6.46,light rain
83,Berezovyy,RU,51.6667,135.7,73.81,85,100,1.25,overcast clouds
84,Pueblo,US,38.2545,-104.6091,81.79,49,0,6.08,clear sky
85,Magistralnyy,RU,56.1725,107.4458,80.64,41,66,2.91,broken clouds
86,Saint-Philippe,RE,-21.3585,55.7679,67.59,90,90,17.4,light rain
87,Smirnykh,RU,49.75,142.8333,87.08,52,75,7.36,broken clouds
88,Salinas,US,36.6777,-121.6555,72.61,80,75,5.75,broken clouds
89,Witu,KE,-2.3889,40.4382,74.68,80,85,14.03,overcast clouds
90,Padang,ID,-0.9492,100.3543,83.8,74,73,4.63,broken clouds
91,Tasiilaq,GL,65.6145,-37.6368,35.83,78,22,7.2,few clouds
92,Chokurdakh,RU,70.6333,147.9167,50.97,44,44,15.05,scattered clouds
93,Hermanus,ZA,-34.4187,19.2345,50.9,65,99,11.36,overcast clouds
94,Dingle,PH,10.9995,122.6711,87.75,65,82,17.05,broken clouds
95,Upernavik,GL,72.7868,-56.1549,48.88,76,99,6.15,overcast clouds
96,Lagoa,PT,39.05,-27.9833,69.57,91,79,7.67,broken clouds
97,Yarkovo,RU,57.4028,67.0786,55.09,82,98,3.71,overcast clouds
98,Lima,PE,-12.0432,-77.0282,60.13,94,90,13.8,overcast clouds
99,Nanortalik,GL,60.1432,-45.2371,43.63,85,100,3.53,overcast clouds
100,Yangambi,CD,0.8102,24.4336,72.54,77,94,1.86,overcast clouds
101,Flinders,AU,-34.5833,150.8552,73.18,42,74,8.99,broken clouds
102,Nome,US,64.5011,-165.4064,51.87,87,90,18.41,light rain
103,Touros,BR,-5.1989,-35.4608,74.3,89,12,11.18,few clouds
104,Millau,FR,44.0833,2.9167,62.38,98,96,2.26,light rain
105,Taoudenni,ML,22.6783,-3.9836,95.92,14,68,9.78,broken clouds
106,Trinidad,BO,-14.8333,-64.9,63.48,31,49,9.37,scattered clouds
107,Bethel,US,41.3712,-73.414,72.91,87,93,1.01,overcast clouds
108,Piopio,NZ,-38.4667,175.0167,59.95,81,58,5.28,broken clouds
109,Broome,US,42.2506,-75.833,66.58,98,75,1.99,broken clouds
110,Severo-Kurilsk,RU,50.6789,156.125,59.11,89,100,6.44,overcast clouds
111,Synya,RU,65.3718,58.0387,41.52,98,100,10.92,overcast clouds
112,Hithadhoo,MV,-0.6,73.0833,81.05,77,69,9.24,broken clouds
113,Nouadhibou,MR,20.931,-17.0347,68.04,92,13,23.69,few clouds
114,Morondava,MG,-20.2833,44.2833,64.0,60,0,11.05,clear sky
115,Akcakoca,TR,41.0866,31.1162,72.09,67,0,3.47,clear sky
116,Kruisfontein,ZA,-34.0033,24.7314,52.88,85,23,10.36,few clouds
117,Waddan,LY,29.1614,16.139,73.76,60,0,1.63,clear sky
118,Busselton,AU,-33.65,115.3333,62.04,69,54,19.71,light rain
119,Leo,BF,11.1,-2.1,72.61,89,100,5.86,light rain
120,Pevek,RU,69.7008,170.3133,39.33,84,97,11.86,overcast clouds
121,Namatanai,PG,-3.6667,152.4333,84.76,67,38,5.39,scattered clouds
122,Saskylakh,RU,71.9167,114.0833,68.65,35,14,19.48,few clouds
123,Tokur,RU,53.1333,132.9,73.06,83,84,2.35,moderate rain
124,Sinnamary,GF,5.3833,-52.95,77.23,88,7,7.83,clear sky
125,Barrow,US,71.2906,-156.7887,41.02,92,90,18.41,mist
126,Saint-Joseph,RE,-21.3667,55.6167,66.58,86,59,17.13,light rain
127,Oxapampa,PE,-10.5775,-75.4017,55.67,97,60,3.49,broken clouds
128,Lavrentiya,RU,65.5833,-171.0,43.81,99,100,9.55,moderate rain
129,Price,US,39.5994,-110.8107,70.12,63,72,7.67,broken clouds
130,Mankono,CI,8.0586,-6.1897,70.11,94,100,6.4,overcast clouds
131,Gilbues,BR,-9.8317,-45.3439,67.73,43,1,3.87,clear sky
132,Kampot,KH,10.6167,104.1833,82.45,74,94,12.82,overcast clouds
133,Svetlyy,RU,54.675,20.1347,64.45,88,61,6.8,broken clouds
134,Nakamura,JP,32.9833,132.9333,89.44,59,22,5.82,few clouds
135,Alghero,IT,40.5589,8.3181,78.98,94,0,2.3,clear sky
136,Klaksvik,FO,62.2266,-6.589,50.92,95,100,4.81,overcast clouds
137,Beckley,US,37.7782,-81.1882,68.49,89,0,0.96,clear sky
138,Anadyr,RU,64.75,177.4833,50.5,93,75,21.99,moderate rain
139,Olden,NO,61.8364,6.8064,68.16,86,100,4.23,light rain
140,Naze,JP,28.3667,129.4833,83.32,84,57,11.99,broken clouds
141,Poum,NC,-20.2333,164.0167,72.63,61,4,14.76,clear sky
142,Harer,ET,9.3094,42.1258,56.82,86,100,9.22,overcast clouds
143,College,US,64.8569,-147.8028,57.99,92,100,1.99,light rain
144,Zhigansk,RU,66.7697,123.3711,66.58,49,47,7.81,scattered clouds
145,Dali,CN,25.7,100.1833,73.51,75,58,1.19,broken clouds
146,Sobolevo,RU,54.4299,31.8996,62.69,98,100,9.75,overcast clouds
147,Hami,CN,42.8,93.45,98.37,11,11,9.86,few clouds
148,Champawat,IN,29.3333,80.1,71.85,84,91,3.0,overcast clouds
149,Starokamyshinsk,RU,55.0554,61.6031,59.18,57,71,5.46,broken clouds
150,Bengkulu,ID,-3.8004,102.2655,84.42,61,58,5.95,broken clouds
151,Ternate,ID,0.8,127.4,85.55,68,17,7.56,few clouds
152,Havoysund,NO,70.9963,24.6622,45.48,82,88,2.95,overcast clouds
153,Vestmannaeyjar,IS,63.4427,-20.2734,52.9,84,33,1.77,scattered clouds
154,Tirumullaivasal,IN,11.2333,79.8333,86.88,58,100,8.28,overcast clouds
155,Georgetown,MY,5.4112,100.3354,89.89,63,20,1.01,few clouds
156,Carnarvon,AU,-24.8667,113.6333,69.87,54,90,10.36,overcast clouds
157,Tiznit,MA,29.5833,-9.5,68.83,68,1,1.45,clear sky
158,Asifabad,IN,19.3667,79.2833,80.47,74,100,12.28,overcast clouds
159,Raudeberg,NO,61.9875,5.1352,62.2,96,100,5.53,overcast clouds
160,Vanavara,RU,60.34,102.2797,88.99,30,0,1.12,clear sky
161,Christchurch,NZ,-43.5333,172.6333,57.4,54,40,4.61,scattered clouds
162,Bastrop,US,32.7562,-91.8724,78.82,93,1,0.0,mist
163,Wamba,NG,8.9333,8.6,69.17,90,99,2.8,overcast clouds
164,Kinango,KE,-4.1372,39.3153,69.91,91,59,7.38,broken clouds
165,Thinadhoo,MV,0.5333,72.9333,81.5,74,100,8.88,overcast clouds
166,Seoul,KR,37.5683,126.9778,93.61,50,40,3.44,scattered clouds
167,Riyadh,SA,24.6877,46.7219,93.34,14,28,17.34,scattered clouds
168,Malhiao,PH,9.8849,123.4064,88.45,61,60,15.86,broken clouds
169,Carpinteria,US,34.3989,-119.5185,82.13,63,2,4.16,clear sky
170,Odweyne,SO,9.4092,45.064,68.76,71,100,22.15,overcast clouds
171,Victoria,HK,22.2855,114.1577,94.96,75,99,1.01,overcast clouds
172,Okhotsk,RU,59.3833,143.3,62.67,79,57,13.09,broken clouds
173,Ipixuna,BR,-1.7625,-48.8043,76.95,94,44,4.59,scattered clouds
174,Axim,GH,4.8699,-2.2405,75.96,79,100,9.17,overcast clouds
175,Mashhad,IR,36.297,59.6062,82.54,26,0,11.5,clear sky
176,Ndele,CF,8.4109,20.6473,66.58,99,96,3.0,overcast clouds
177,Mackay,AU,-21.15,149.2,80.69,69,61,11.5,broken clouds
178,Sassandra,CI,4.95,-6.0833,74.21,85,59,6.8,broken clouds
179,Itaituba,BR,-4.2761,-55.9836,73.94,57,4,0.36,clear sky
180,Leningradskiy,RU,69.3833,178.4167,33.58,98,100,9.89,moderate rain
181,Jizan,SA,17.3333,42.6667,88.74,68,22,3.85,few clouds
182,Salalah,OM,17.0151,54.0924,76.96,93,100,12.21,overcast clouds
183,Provideniya,RU,64.3833,-173.3,51.91,82,90,17.9,mist
184,Benguela,AO,-12.5763,13.4055,68.14,87,43,1.25,scattered clouds
185,Geraldton,AU,-28.7667,114.6,67.12,68,40,5.75,scattered clouds
186,Saint-Pierre,RE,-21.3393,55.4781,67.68,86,90,20.71,light rain
187,Hambantota,LK,6.1241,81.1185,86.34,74,100,13.8,overcast clouds
188,Tura,IN,25.5198,90.2201,82.74,80,97,5.66,overcast clouds
189,Revda,RU,56.801,59.9303,54.41,62,58,8.77,broken clouds
190,Corinto,GR,37.9407,22.9573,83.62,43,0,3.96,clear sky
191,Morki,RU,56.4303,48.9947,59.59,58,6,2.51,clear sky
192,Yar-Sale,RU,66.8333,70.8333,50.25,67,100,11.63,overcast clouds
193,Dikson,RU,73.5069,80.5464,37.4,99,100,12.53,overcast clouds
194,Tiksi,RU,71.6872,128.8694,41.79,79,12,14.34,few clouds
195,Sitka,US,57.0531,-135.33,57.74,83,66,2.24,broken clouds
196,Ankara,TR,39.9199,32.8543,67.21,50,0,4.5,clear sky
197,Erzin,TR,36.9559,36.2,82.0,54,0,7.14,clear sky
198,Kahului,US,20.8947,-156.47,78.96,90,100,10.0,overcast clouds
199,Rumoi,JP,43.9344,141.6428,86.47,53,1,4.56,clear sky
200,Ankang,CN,32.68,109.0172,87.03,61,72,1.21,broken clouds
201,Narsaq,GL,60.9167,-46.05,46.36,72,99,3.8,overcast clouds
202,Batagay-Alyta,RU,67.8006,130.4114,55.51,44,24,14.43,few clouds
203,Pirmasens,DE,49.2015,7.6053,59.27,96,76,5.48,broken clouds
204,Escanaba,US,45.7453,-87.0646,65.95,94,54,1.01,broken clouds
205,Antipovka,RU,49.8299,45.3122,74.88,48,4,8.14,clear sky
206,Tilichiki,RU,60.4667,166.1,59.81,57,92,16.96,overcast clouds
207,Gazanjyk,TM,39.2446,55.5154,94.6,15,24,6.06,few clouds
208,Saint-Louis,SN,16.3333,-15.0,80.24,76,45,13.15,scattered clouds
209,Clarksville,US,36.5298,-87.3595,80.69,85,1,3.44,clear sky
210,Moissala,TD,8.3404,17.7663,68.16,99,99,3.18,overcast clouds
211,Ambon,ID,-3.6954,128.1814,82.54,83,40,1.14,scattered clouds
212,Buraydah,SA,26.326,43.975,91.85,16,24,10.18,few clouds
213,Mulchen,CL,-37.7167,-72.2333,38.75,82,0,5.79,clear sky
214,Emba,KZ,48.8264,58.1442,75.58,27,100,11.63,overcast clouds
215,Saint-Ambroise,CA,48.5501,-71.3324,53.2,76,6,3.44,clear sky
216,Cherskiy,RU,68.75,161.3,37.49,79,100,17.58,overcast clouds
217,Talaya,RU,61.3833,152.75,50.67,57,100,12.71,overcast clouds
218,Innisfail,AU,-17.5333,146.0333,75.7,61,60,6.24,broken clouds
219,Ust-Ilimsk,RU,58.0006,102.6619,89.87,28,0,2.33,clear sky
220,Rio Grande,BR,-0.9156,-48.0594,76.87,95,30,3.83,scattered clouds
221,Alofi,NU,-19.0595,-169.9187,75.09,88,75,5.75,light rain
222,Biltine,TD,14.5333,20.9167,79.29,65,100,3.11,overcast clouds
223,Iqaluit,CA,63.7506,-68.5145,44.33,75,75,8.01,broken clouds
224,Waipawa,NZ,-41.4122,175.5153,52.43,72,0,3.4,clear sky
225,Fez,MA,34.0372,-4.9998,73.65,60,0,3.44,clear sky
226,Lubango,AO,-14.9172,13.4925,51.44,43,6,3.38,clear sky
227,Kigoma,TZ,-4.8769,29.6267,71.02,61,29,3.51,scattered clouds
228,Vostok,RU,46.4856,135.8833,87.76,54,73,0.87,broken clouds
229,Itarema,BR,-2.9248,-39.9167,77.31,84,19,13.44,few clouds
230,Veisiejai,LT,54.1,23.7,64.49,91,22,3.56,few clouds
231,Champerico,GT,14.3,-91.9167,81.72,77,18,1.45,few clouds
232,Lompoc,US,34.6391,-120.4579,67.57,82,90,6.91,overcast clouds
233,Silleda,ES,42.696,-8.2465,59.61,97,77,2.77,broken clouds
234,Bukachacha,RU,52.9833,116.9167,62.42,94,100,2.66,overcast clouds
235,Hamilton,US,39.1834,-84.5333,75.42,85,3,0.63,clear sky
236,Kharp,RU,66.8014,65.8081,46.87,95,100,9.33,moderate rain
237,Kaptanganj,IN,26.9267,83.7153,87.31,74,70,8.14,broken clouds
238,Islamkot,PK,24.6997,70.177,82.81,79,100,22.21,overcast clouds
239,Asau,RO,46.4333,26.4,73.76,73,11,5.84,few clouds
240,Santa Cruz,CO,1.5209,-77.2621,57.38,82,7,5.28,clear sky
241,Dunedin,NZ,-45.8742,170.5036,50.81,58,48,3.47,scattered clouds
242,Kawalu,ID,-7.3817,108.2082,79.39,71,65,5.44,broken clouds
243,Liverpool,GB,53.4106,-2.9779,59.68,78,40,4.0,scattered clouds
244,Saint-Augustin,CA,51.226,-58.6502,60.21,97,100,6.06,overcast clouds
245,Airai,TL,-8.9266,125.4092,76.75,36,74,5.35,broken clouds
246,Pyinmana,MM,19.7333,96.2167,78.75,91,100,8.52,overcast clouds
247,Ketchikan,US,55.3422,-131.6461,57.52,84,14,1.81,few clouds
248,Zhangye,CN,38.9342,100.4517,87.91,14,11,4.9,few clouds
249,Opuwo,NA,-18.0607,13.84,52.86,36,0,6.33,clear sky
250,Dafeng,CN,23.4517,108.5881,91.89,62,70,1.23,broken clouds
251,Lata,PT,40.1629,-8.3327,62.92,97,28,2.62,scattered clouds
252,Beaverlodge,CA,55.2166,-119.4361,65.55,47,64,7.05,broken clouds
253,Kenai,US,60.5544,-151.2583,68.02,81,100,13.06,overcast clouds
254,Briceni,MD,48.3572,27.7036,65.75,76,44,2.46,scattered clouds
255,Souillac,MU,-20.5167,57.5167,68.38,94,75,14.97,moderate rain
256,Shelburne,CA,44.0787,-80.2041,64.29,70,1,5.23,clear sky
257,Khonsa,IN,27.0167,95.5667,84.42,60,88,1.19,overcast clouds
258,Kirkwall,GB,58.9848,-2.9587,55.74,100,90,10.36,fog
259,Kiunga,PG,-6.1219,141.2906,77.11,90,100,2.17,overcast clouds
260,Palmer,US,42.1584,-72.3287,67.48,82,100,1.61,overcast clouds
261,Taltal,CL,-25.4,-70.4833,55.13,78,3,3.96,clear sky
262,Tuatapere,NZ,-46.1333,167.6833,52.83,74,65,1.79,broken clouds
263,Oudtshoorn,ZA,-33.5907,22.2014,52.16,92,53,1.72,broken clouds
264,Iquique,CL,-20.2208,-70.1431,59.04,77,18,5.55,few clouds
265,Hirado,JP,33.3597,129.5531,90.75,79,1,11.63,clear sky
266,Pandamatenga,BW,-18.5278,25.627,47.23,69,1,4.88,clear sky
267,Nuuk,GL,64.1835,-51.7216,49.87,66,17,15.99,few clouds
268,Bambanglipuro,ID,-7.95,110.2833,82.74,65,48,13.8,scattered clouds
269,Waingapu,ID,-9.6567,120.2641,87.28,54,21,17.2,few clouds
270,Slavyanka,RU,42.8633,131.3847,82.94,68,38,8.66,scattered clouds
271,Severnyy,RU,50.677,36.5532,66.24,68,0,6.71,clear sky
272,Lossiemouth,GB,57.7214,-3.2834,61.45,95,90,8.05,mist
273,Vardo,NO,70.3705,31.1107,46.6,85,95,13.58,overcast clouds
274,Sohag,EG,26.557,31.6948,80.4,35,43,9.53,scattered clouds
275,Catamarca,AR,-28.4696,-65.7852,46.63,56,62,2.28,broken clouds
276,Poronaysk,RU,49.2167,143.1167,70.54,82,84,8.05,broken clouds
277,Russell,US,32.3502,-85.1999,75.51,76,60,2.35,broken clouds
278,Shymkent,KZ,42.3,69.6,84.79,20,0,8.95,clear sky
279,Raga,SS,8.4596,25.678,69.19,97,99,3.65,overcast clouds
280,Sungairaya,ID,0.7,108.9,88.14,63,62,9.53,broken clouds
281,Sobradinho,BR,-12.8333,-39.1,65.08,98,14,0.94,few clouds
282,Sibolga,ID,1.7427,98.7792,85.51,65,67,4.38,broken clouds
283,Mwinilunga,ZM,-11.7358,24.4293,47.84,60,100,4.14,overcast clouds
284,Oriximina,BR,-1.7656,-55.8661,76.73,67,8,4.21,clear sky
285,Olafsvik,IS,64.8945,-23.7142,50.92,90,97,13.56,overcast clouds
286,Aginskoye,RU,51.1,114.53,72.68,59,34,4.56,scattered clouds
287,Keflavik,IS,64.0049,-22.5624,50.52,100,0,11.5,clear sky
288,Belousovka,KZ,50.1339,82.5239,67.05,60,0,2.24,clear sky
289,Vakhrushev,RU,48.9833,142.9667,70.0,80,96,7.61,overcast clouds
290,Sedalia,US,38.7045,-93.2283,79.77,83,0,4.16,clear sky
291,Constitucion,CL,-35.3333,-72.4167,44.22,79,0,6.4,clear sky
292,Avera,US,33.194,-82.5271,78.85,73,91,5.75,overcast clouds
293,Talisayan,PH,6.9872,121.9272,85.87,72,64,9.55,broken clouds
294,Codrington,AU,-38.2667,141.9667,48.6,79,96,23.17,light rain
295,Dharchula,IN,29.85,80.5333,77.47,92,88,1.23,moderate rain
296,Castanos,MX,26.7833,-101.4167,82.35,51,1,6.8,clear sky
297,Lasa,IT,46.6166,10.7002,61.54,94,69,2.75,broken clouds
298,Chapais,CA,49.7834,-74.8492,46.36,74,63,3.38,broken clouds
299,Hailar,CN,49.2,119.7,76.62,52,57,11.23,broken clouds
300,Luga,RU,58.7372,29.8453,63.91,94,100,4.76,light rain
301,Tucurui,BR,-3.7661,-49.6725,79.29,48,66,1.81,broken clouds
302,Krasnokamensk,RU,50.0979,118.0369,75.56,56,20,8.79,few clouds
303,Tomatlan,MX,19.9333,-105.25,79.14,85,83,1.92,broken clouds
304,Hirara,JP,24.8,125.2833,83.52,83,74,5.1,broken clouds
305,Chantada,ES,42.6088,-7.7712,56.7,94,56,5.41,broken clouds
306,Zaliztsi,UA,49.7919,25.373,65.71,84,32,4.7,scattered clouds
307,Shahrud,IR,36.4182,54.9763,80.6,39,0,11.18,clear sky
308,Yulara,AU,-25.2406,130.9889,70.14,36,79,1.39,broken clouds
309,Uvat,RU,59.1433,68.8953,57.85,59,46,1.92,scattered clouds
310,Denpasar,ID,-8.65,115.2167,83.86,74,40,9.22,scattered clouds
311,Paka,MY,4.6374,103.4368,88.99,60,70,4.09,broken clouds
312,Priargunsk,RU,50.3691,119.1012,74.82,65,47,8.41,scattered clouds
313,Jacareacanga,BR,-6.2222,-57.7528,73.06,52,7,1.19,clear sky
314,Iralaya,HN,15.0,-83.2333,77.77,89,100,7.36,overcast clouds
315,Chifeng,CN,42.2683,118.9636,78.44,63,100,7.27,moderate rain
316,Kieta,PG,-6.2167,155.6333,83.55,72,94,4.45,light rain
317,Marzuq,YE,14.4,46.4667,74.52,73,10,8.32,clear sky
318,Ostrovnoy,RU,68.0531,39.5131,45.95,95,100,5.91,overcast clouds
319,Villa Sandino,ES,42.3707,-4.1098,58.37,92,8,11.48,clear sky
320,Gillette,US,44.2911,-105.5022,86.92,18,1,10.0,clear sky
321,Orzu,TJ,37.5593,68.8184,88.2,17,1,6.2,clear sky
322,Houma,US,29.5958,-90.7195,84.0,84,2,4.25,clear sky
323,Maxixe,MZ,-23.8597,35.3472,62.47,68,0,3.2,clear sky
324,Arrah,IN,25.5667,84.6667,82.29,87,100,5.95,overcast clouds
325,Filadelfia,US,39.9523,-75.1638,77.22,69,2,4.54,clear sky
326,Bowen,AU,-20.0167,148.2333,73.94,57,24,8.7,few clouds
327,Atasu,KZ,48.6814,71.6433,70.63,28,0,6.4,clear sky
328,Mangrol,IN,21.1167,70.1167,82.26,84,100,22.82,overcast clouds
329,Teahupoo,PF,-17.8333,-149.2667,73.36,70,78,5.66,broken clouds
330,Reserva,BR,-24.6503,-50.8506,42.55,98,88,2.28,overcast clouds
331,Kodinsk,RU,58.6881,99.1844,75.54,64,100,7.2,overcast clouds
332,Kudahuvadhoo,MV,2.6708,72.8944,80.65,77,100,7.34,overcast clouds
333,Luderitz,NA,-26.6481,15.1594,54.27,73,0,10.96,clear sky
334,Jaisalmer,IN,26.9147,70.9181,83.88,68,100,23.58,overcast clouds
335,Petrozavodsk,RU,61.7849,34.3469,60.26,88,0,0.0,clear sky
336,Marawi,PH,7.9986,124.2928,83.64,53,93,8.43,overcast clouds
337,Sucua,EC,-2.4667,-78.1667,65.35,97,22,3.51,few clouds
338,Yaan,NG,7.3833,8.5667,69.06,90,98,4.47,overcast clouds
339,Silvan,TR,38.1419,41.0081,68.29,34,0,2.77,clear sky
340,Soubre,CI,5.7856,-6.6083,68.76,97,69,2.26,broken clouds
341,Praia,CV,14.9215,-23.5087,74.48,82,36,8.16,scattered clouds
342,Warwick,US,41.7001,-71.4162,70.09,91,90,5.75,overcast clouds
343,Humaita,BR,-7.5061,-63.0208,75.87,52,21,1.41,few clouds
344,Clinton,US,42.587,-82.9199,76.01,77,7,1.01,clear sky
345,Caloundra,AU,-26.8,153.1333,75.88,55,10,8.99,clear sky
346,Bukama,CD,-9.2,25.85,61.0,46,63,3.47,broken clouds
347,Pathein,MM,16.7833,94.7333,85.24,76,99,15.59,overcast clouds
348,Puri,IN,19.8,85.85,82.92,77,100,14.07,overcast clouds
349,Piraquara,BR,-25.4417,-49.0633,48.31,78,93,3.0,overcast clouds
350,Parker,US,32.7668,-97.8003,87.44,69,79,7.72,broken clouds
351,Pemba,MZ,-12.974,40.5178,68.45,69,47,12.37,scattered clouds
352,Kavaratti,IN,10.5669,72.642,81.73,78,100,19.35,overcast clouds
353,Benalla,AU,-36.55,145.9833,57.85,81,71,16.04,light rain
354,Trani,IT,41.2727,16.4154,82.85,51,78,1.01,broken clouds
355,Karcsa,HU,48.3113,21.8054,66.7,69,51,2.3,broken clouds
356,Asfi,MA,32.2994,-9.2372,70.48,88,89,13.2,overcast clouds
357,Aguimes,ES,27.9054,-15.4461,68.63,78,75,20.71,broken clouds
358,Dhanera,IN,24.5167,72.0167,79.92,84,100,16.17,overcast clouds
359,Havre-Saint-Pierre,CA,50.2334,-63.5986,56.07,92,54,3.6,broken clouds
360,Bud,US,39.447,-86.1758,75.97,87,0,1.34,clear sky
361,Grindavik,IS,63.8424,-22.4338,50.56,100,0,11.5,clear sky
362,Bairiki,KI,1.3292,172.9752,82.29,68,77,5.26,broken clouds
363,Marshall,US,34.3834,-86.3333,79.12,78,1,0.0,clear sky
364,Mahebourg,MU,-20.4081,57.7,68.25,91,100,21.88,moderate rain
365,Cururupu,BR,-1.8283,-44.8683,75.02,90,53,2.51,broken clouds
366,Katsuura,JP,35.1333,140.3,87.91,73,100,18.1,moderate rain
367,Celina,US,40.5489,-84.5702,74.53,91,0,4.09,clear sky
368,Noumea,NC,-22.2763,166.4572,77.0,98,11,14.61,few clouds
369,Dwarka,IN,22.2394,68.9678,82.89,83,100,28.25,overcast clouds
370,Grong,NO,64.4654,12.3149,63.7,68,52,5.26,broken clouds
371,Kaili,ID,-3.4626,120.2147,79.77,59,43,4.32,scattered clouds
372,Kidal,ML,18.4411,1.4078,83.16,50,80,3.85,broken clouds
373,Durban,ZA,-29.8579,31.0292,56.01,49,0,5.86,clear sky
374,Kuching,MY,1.55,110.3333,88.02,70,20,3.44,few clouds
375,Bhatkal,IN,13.9667,74.5667,80.11,83,100,12.64,overcast clouds
376,Mukhen,RU,48.1,136.1,97.05,38,97,3.83,overcast clouds
377,Usinsk,RU,65.9939,57.5281,45.39,87,100,16.46,overcast clouds
378,Doha,QA,25.2867,51.5333,96.78,63,100,4.61,haze
379,Dolinsk,RU,47.35,142.8,84.06,62,75,5.14,broken clouds
380,Chamonix-Mont-Blanc,FR,45.9238,6.8693,59.9,95,98,3.8,light rain
381,Ambovombe,MG,-25.1667,46.0833,65.55,77,54,17.05,light rain
382,Juneau,US,58.3019,-134.4197,60.22,93,71,0.43,light rain
383,Nurota,UZ,40.5614,65.6886,81.68,19,0,20.24,clear sky
384,Teshie,GH,5.5836,-0.1072,75.18,85,98,10.4,overcast clouds
385,Diffa,NE,13.3154,12.6113,75.18,86,100,12.17,overcast clouds
386,Alingsas,SE,57.9303,12.5335,65.44,99,78,3.96,broken clouds
387,Arman,RU,59.7,150.1667,60.89,61,100,4.74,overcast clouds
388,Westport,US,41.1415,-73.3579,77.76,84,74,1.99,broken clouds
389,Covasint,RO,46.2,21.6,71.87,56,41,6.17,scattered clouds
390,Leh,IN,34.1667,77.5833,67.42,44,99,0.98,overcast clouds
391,Evensk,RU,61.95,159.2333,60.78,46,69,19.04,broken clouds
392,Bembereke,BJ,10.2283,2.6634,69.39,97,100,5.35,light rain
393,Matara,LK,5.9485,80.5353,82.36,80,96,11.77,overcast clouds
394,Mayo,US,38.8876,-76.5119,79.97,90,0,1.01,clear sky
395,Katangli,RU,51.7102,143.2326,72.36,80,98,1.57,overcast clouds
396,Saint-Francois,FR,46.4154,3.9054,63.18,97,75,2.3,broken clouds
397,Dayong,CN,25.0209,118.2898,99.32,46,12,3.42,light rain
398,Windhoek,NA,-22.5594,17.0832,42.12,56,0,4.32,clear sky
399,Aswan,EG,24.0934,32.907,85.77,27,93,9.91,overcast clouds
400,Ilovlya,RU,49.3033,43.9796,70.9,40,21,5.14,few clouds
401,Yerbogachen,RU,61.2767,108.0108,86.68,32,2,11.03,clear sky
402,Rawson,AR,-43.3002,-65.1023,40.62,69,20,10.13,few clouds
403,Hanzhong,CN,33.0728,107.0303,83.91,60,19,2.15,few clouds
404,Toronto,CA,43.7001,-79.4163,70.56,83,0,1.01,clear sky
405,Lorengau,PG,-2.0226,147.2712,84.99,71,8,6.06,light rain
406,Dniprovka,UA,47.4295,34.618,72.7,71,0,8.9,clear sky
407,Hede,CN,33.7681,120.2517,77.36,93,100,23.0,light rain
408,Chikola,RU,43.1906,43.9209,56.25,96,100,1.92,overcast clouds
409,Kimbe,PG,-5.5502,150.1429,83.14,82,62,4.05,light rain
410,Jalu,LY,29.0331,21.5482,78.96,46,0,5.68,clear sky
411,Huarmey,PE,-10.0681,-78.1522,65.26,87,34,9.93,scattered clouds
412,Disraeli,CA,45.9001,-71.3491,58.21,84,54,2.53,broken clouds
413,Caravelas,BR,-17.7125,-39.2481,70.11,91,10,5.79,clear sky
414,Gawler,AU,-34.6,138.7333,57.51,80,49,18.19,scattered clouds
415,Bathsheba,BB,13.2167,-59.5167,79.65,78,32,14.94,scattered clouds
416,Newport,GB,51.5877,-2.9984,60.82,90,80,8.97,broken clouds
417,Gizo,SB,-8.103,156.8419,83.52,71,88,6.17,light rain
418,Mahadday Weyne,SO,2.9726,45.5347,73.6,82,97,12.39,overcast clouds
419,Hofn,IS,64.2539,-15.2082,53.94,83,100,6.78,overcast clouds
420,Chumikan,RU,54.7183,135.315,78.3,50,50,5.59,scattered clouds
421,Wakkanai,JP,45.4094,141.6739,76.03,82,5,5.35,clear sky
422,Canar,EC,-2.55,-78.9333,45.75,93,49,7.4,scattered clouds
423,Manggar,ID,-2.8833,108.2667,84.88,68,97,14.16,overcast clouds
424,Biak,ID,-0.9131,122.8766,83.37,68,79,5.93,broken clouds
425,Turukhansk,RU,65.8167,87.9833,53.69,89,100,6.93,overcast clouds
426,Kikwit,CD,-5.041,18.8162,63.23,29,6,2.86,clear sky
427,Yayva,RU,59.3303,57.2641,46.76,94,98,7.11,overcast clouds
428,Maraa,BR,-1.8333,-65.3667,75.42,79,62,2.33,broken clouds
429,Zabol,AF,32.25,67.25,85.24,20,81,7.94,broken clouds
430,Lobito,AO,-12.3481,13.5456,69.1,86,43,3.56,scattered clouds
431,Coihaique,CL,-45.5752,-72.0662,33.96,97,35,3.85,scattered clouds
432,Krapkowice,PL,50.4752,17.9654,68.9,75,36,1.12,scattered clouds
433,Lodja,CD,-3.4833,23.4333,63.21,44,18,1.45,few clouds
434,Serebryansk,KZ,49.6925,83.2892,65.75,56,1,8.93,clear sky
435,Talas,TR,38.6908,35.5538,59.67,77,0,0.0,clear sky
436,Bellavista,PE,-7.0561,-76.5911,69.91,96,58,1.79,broken clouds
437,Freeport,US,40.6576,-73.5832,79.18,66,29,1.01,scattered clouds
438,Camalu,MX,30.85,-116.0667,71.42,77,15,6.76,few clouds
439,Genhe,CN,50.7833,121.5167,69.48,73,97,7.94,overcast clouds
440,Indramayu,ID,-6.3264,108.32,85.8,57,39,11.45,scattered clouds
441,Ambikapur,IN,23.1167,83.2,72.43,95,100,6.22,overcast clouds
442,Santiago,CL,-33.4569,-70.6483,49.86,60,0,0.0,clear sky
443,Lexington,US,37.9887,-84.4777,73.13,76,0,5.35,clear sky
444,Pangkalanbuun,ID,-2.6833,111.6167,86.2,63,90,4.5,overcast clouds
445,Nishihara,JP,26.1842,127.7558,87.46,79,75,11.5,broken clouds
446,Guangyuan,CN,32.442,105.823,88.74,47,12,5.61,few clouds
447,Gondanglegi,ID,-7.7479,112.0132,87.06,50,3,12.91,clear sky
448,Ust-Nera,RU,64.5667,143.2,52.32,74,100,9.8,light rain
449,Kamenka,RU,51.3223,42.7678,69.73,62,10,3.04,clear sky
450,Tukan,RU,53.8409,57.4552,60.08,61,43,7.2,scattered clouds
451,Lloydminster,CA,53.2835,-110.0016,64.02,32,0,7.45,clear sky
452,Pivijay,CO,10.4617,-74.6162,74.34,96,78,3.29,broken clouds
453,Maun,BW,-19.9833,23.4167,44.67,64,0,5.73,clear sky
454,Udachnyy,RU,66.4167,112.4,86.47,38,43,7.9,scattered clouds
455,Boa Vista,PT,41.0667,-8.6333,62.47,87,0,5.06,clear sky
456,Fairbanks,US,64.8378,-147.7164,60.1,92,100,7.65,light rain
457,Rodino,RU,52.5,80.25,63.88,47,80,6.2,broken clouds
458,Bilibino,RU,68.0546,166.4372,43.5,77,100,2.15,overcast clouds
459,Tabou,CI,4.423,-7.3528,76.33,75,100,8.77,overcast clouds
460,Hasaki,JP,35.7333,140.8333,88.29,77,100,22.3,overcast clouds
461,Ramsgate,GB,51.3358,1.4155,64.0,89,99,4.0,overcast clouds
462,Yumen,CN,40.2833,97.2,88.02,13,0,8.46,clear sky
463,Natal,BR,-5.795,-35.2094,75.42,94,40,4.61,scattered clouds
464,Kailua,US,21.4022,-157.7394,80.15,73,100,17.63,overcast clouds
465,Homer,US,59.6425,-151.5483,68.07,73,96,13.0,overcast clouds
466,Bonfim,BR,3.0833,-59.95,72.68,94,97,6.55,overcast clouds
467,Sept-Iles,CA,50.2001,-66.3821,59.05,75,90,3.0,overcast clouds
468,Coquimbo,CL,-29.9533,-71.3436,53.46,74,0,1.19,clear sky
469,Pangai,TO,-19.8,-174.35,72.27,84,100,15.21,light rain
470,Bayir,TR,37.2687,28.2167,75.72,52,0,5.17,clear sky
471,Gweta,BW,-20.1833,25.2333,47.1,56,0,7.54,clear sky
472,Marang,MY,5.2056,103.2059,87.44,64,74,1.19,broken clouds
473,Pandrup,DK,57.2215,9.6757,60.71,100,92,6.91,overcast clouds
474,Carballo,ES,43.213,-8.691,64.09,90,68,4.18,broken clouds
475,Ghugus,IN,19.9333,79.1333,78.28,78,100,11.5,overcast clouds
476,Tessalit,ML,20.1986,1.0114,85.75,46,75,11.72,broken clouds
477,Knysna,ZA,-34.0363,23.0471,54.57,87,100,6.85,light rain
478,Beringovskiy,RU,63.05,179.3167,47.79,88,100,23.47,light rain
479,Micheweni,TZ,-4.9667,39.8333,73.85,82,24,13.71,few clouds
480,Margate,GB,51.3813,1.3862,64.04,90,100,4.0,overcast clouds
481,Tsogni,GA,-2.7942,10.0988,71.71,86,90,2.06,overcast clouds
482,Soria,ES,41.6667,-2.6667,59.02,86,25,5.06,scattered clouds
483,Statesboro,US,32.4488,-81.7832,80.4,89,75,0.0,thunderstorm
484,Berbera,SO,10.4396,45.0143,87.66,44,97,30.22,overcast clouds
485,Alekseyevka,RU,50.6309,38.6903,72.55,51,64,1.23,broken clouds
486,Gat,IL,31.61,34.7642,77.92,100,0,3.02,clear sky
487,Kuopio,FI,62.8924,27.677,64.35,82,0,5.75,clear sky
488,Yinchuan,CN,38.4681,106.2731,85.53,29,1,4.38,clear sky
489,Jumla,NP,29.2747,82.1838,69.35,83,99,2.71,overcast clouds
490,Krasnoselkup,RU,65.7,82.4667,54.37,67,97,5.19,overcast clouds
491,Kununurra,AU,-15.7667,128.7333,91.38,38,17,5.75,few clouds
492,Puqi,CN,29.7167,113.8833,83.07,84,74,8.79,broken clouds
493,Yeppoon,AU,-23.1333,150.7333,78.58,59,64,11.23,broken clouds
494,Kushmurun,KZ,52.4503,64.6311,66.49,47,91,6.67,overcast clouds
495,Mandurah,AU,-32.55,115.7,63.16,65,51,23.71,broken clouds
496,Barabai,ID,-2.5833,115.3833,93.4,44,71,1.45,broken clouds
497,Korla,CN,41.7597,86.1469,95.95,13,7,8.55,clear sky
498,Sokolovo,RU,52.5318,84.7896,68.92,47,1,3.33,clear sky
499,Hauterive,FR,46.0901,3.4459,61.56,96,100,3.06,overcast clouds
500,Lumby,CA,50.2498,-118.969,78.42,41,50,3.24,scattered clouds
501,Pereslavl-Zalesskiy,RU,56.7393,38.8563,66.47,69,33,4.83,scattered clouds
502,Kalaleh,IR,37.3807,55.4916,82.0,78,75,6.91,broken clouds
503,Issoire,FR,45.55,3.25,60.06,94,92,1.57,overcast clouds
504,Ust-Maya,RU,60.4167,134.5333,76.21,38,23,7.9,few clouds
505,Sisophon,KH,13.5859,102.9737,89.89,59,100,15.12,overcast clouds
506,Kropotkin,RU,45.4375,40.5756,67.48,59,10,6.6,clear sky
507,Mawlaik,MM,23.6333,94.4167,76.41,99,100,1.41,overcast clouds
508,Coahuayana,MX,18.7333,-103.6833,78.06,93,99,2.73,overcast clouds
509,Pangnirtung,CA,66.1451,-65.7125,49.42,74,100,2.24,overcast clouds
510,Belmonte,BR,-15.8631,-38.8828,68.5,86,7,6.49,clear sky
511,Ayan,RU,56.45,138.1667,63.01,84,26,15.75,scattered clouds
512,Luau,AO,-10.7073,22.2247,52.61,47,99,3.18,overcast clouds
513,Voskevan,AM,41.1202,45.0653,62.46,91,100,2.08,overcast clouds
514,Baglung,NP,28.2719,83.5898,80.01,76,64,4.9,broken clouds
515,Shakawe,BW,-18.3667,21.85,44.38,67,1,5.57,clear sky
516,Lokosovo,RU,61.1333,74.8167,56.88,91,98,7.94,light rain
517,Hongjiang,CN,27.11,109.9956,95.76,46,0,2.55,clear sky
518,Pendleton,US,45.6721,-118.7886,79.95,47,100,4.0,overcast clouds
519,Tete,MZ,-16.1564,33.5867,64.49,82,75,0.0,broken clouds
520,Tautira,PF,-17.7333,-149.15,78.82,70,79,7.87,broken clouds
521,Sakaiminato,JP,35.55,133.2333,82.35,66,24,8.14,few clouds
522,Edd,ER,13.9297,41.6925,89.94,62,62,3.33,broken clouds
523,Cotonou,BJ,6.3654,2.4183,76.98,88,40,11.5,scattered clouds
524,Kralendijk,BQ,12.15,-68.2667,80.69,80,7,15.17,clear sky
525,Dvinskoy,RU,62.1535,45.1175,53.78,64,1,4.05,clear sky
526,Goderich,CA,43.7501,-81.7165,66.9,74,0,5.97,clear sky
527,Vilyuysk,RU,63.7553,121.6247,76.96,32,22,8.28,few clouds
528,Turka,UA,49.1541,23.0297,67.15,90,15,5.26,few clouds
529,Firminy,FR,45.3873,4.2907,60.82,94,0,8.05,clear sky
530,Kamyaran,IR,34.7956,46.9355,76.95,16,0,2.13,clear sky
531,Solvychegodsk,RU,61.3305,46.9156,52.56,66,6,5.59,clear sky
532,Weiser,US,44.251,-116.9693,88.32,28,19,15.17,few clouds
533,Adrar,MR,20.5022,-10.0711,83.95,38,100,11.1,overcast clouds
534,Sistranda,NO,63.7256,8.834,66.16,75,76,21.61,broken clouds
535,Faya,SA,18.3851,42.4509,63.25,83,72,5.32,broken clouds
536,Kattivakkam,IN,13.2167,80.3167,89.69,54,100,13.73,overcast clouds
537,Mata,PT,40.683,-7.4592,59.79,77,0,5.66,clear sky
538,Fredericton,CA,45.9454,-66.6656,61.84,89,66,1.01,broken clouds
539,Navirai,BR,-23.065,-54.1906,50.36,46,79,9.51,broken clouds
540,Mashivka,UA,49.4431,34.8669,71.83,54,8,4.81,clear sky
541,Tezu,IN,27.9167,96.1667,93.54,52,64,2.93,broken clouds
542,Portland,US,45.5234,-122.6762,80.67,48,100,1.01,overcast clouds
543,Mnogovershinnyy,RU,53.9353,139.9242,78.75,44,99,0.96,overcast clouds
544,Tateyama,JP,34.9833,139.8667,89.15,79,88,19.82,overcast clouds
545,Bandarbeyla,SO,9.4942,50.8122,80.29,55,58,27.94,broken clouds
546,Nizwa,OM,22.9333,57.5333,92.03,41,91,6.62,overcast clouds
547,Valparaiso,CL,-33.0393,-71.6273,52.48,65,0,5.75,clear sky
548,Akdepe,TM,42.0551,59.3788,80.6,20,0,11.32,clear sky
549,Menongue,AO,-14.6585,17.691,44.38,53,1,4.7,clear sky
550,Diamantino,BR,-14.4086,-56.4461,69.17,64,72,11.3,broken clouds
551,Mandalgovi,MN,45.7625,106.2708,73.76,42,58,5.28,broken clouds
552,Bereda,ES,43.2686,-7.5406,61.92,100,95,2.91,overcast clouds
553,Buala,SB,-8.145,159.5921,83.55,73,95,9.33,light rain
554,Wajima,JP,37.4,136.9,81.54,72,12,8.79,few clouds
555,Atar,MR,20.5169,-13.0499,84.24,36,19,4.65,few clouds
556,Snizhne,UA,48.0261,38.7723,69.94,63,1,3.98,clear sky
557,Manaus,BR,-3.1019,-60.025,82.89,78,0,3.44,clear sky
558,Imbituba,BR,-28.24,-48.6703,51.82,66,19,15.43,few clouds
559,Agucadoura,PT,41.4318,-8.7804,63.25,87,1,7.25,clear sky
